{
  "hash": "50b30c79",
  "configHash": "0c416071",
  "lockfileHash": "3162bd5b",
  "browserHash": "ebbf09e3",
  "optimized": {
    "@angular/common": {
      "src": "../../../../../../node_modules/@angular/common/fesm2022/common.mjs",
      "file": "@angular_common.js",
      "fileHash": "66aa760e",
      "needsInterop": false
    },
    "@angular/core": {
      "src": "../../../../../../node_modules/@angular/core/fesm2022/core.mjs",
      "file": "@angular_core.js",
      "fileHash": "03ace17e",
      "needsInterop": false
    },
    "@angular/forms": {
      "src": "../../../../../../node_modules/@angular/forms/fesm2022/forms.mjs",
      "file": "@angular_forms.js",
      "fileHash": "e3b60cac",
      "needsInterop": false
    },
    "@angular/platform-browser": {
      "src": "../../../../../../node_modules/@angular/platform-browser/fesm2022/platform-browser.mjs",
      "file": "@angular_platform-browser.js",
      "fileHash": "9db6bb20",
      "needsInterop": false
    }
  },
  "chunks": {
    "chunk-WLSGYVUB": {
      "file": "chunk-WLSGYVUB.js"
    },
    "chunk-LTSAIPOX": {
      "file": "chunk-LTSAIPOX.js"
    }
  }
}